Workbook

Sheet Dashboard
A1: League of Legends | Player Churn Dashboard
A2: Low and mid tier ranked players, 335 total. Churn = engaged in the feature period, then zero ranked games after.
B4: PLAYERS | E4: CHURN RATE | H4: HIGHEST-RISK SEGMENT | K4: PLAYERS AT RISK
B5: =COUNT(Data!$E$2:$E$336) -> 335 | E5: =AVERAGE(Data!$E$2:$E$336) -> 0.2 | H5: =AVERAGEIF(Data!$R$2:$R$336,"Dormant",Data!$E$2:$E$336) -> 0.48076923 | K5: =COUNTIF(Data!$R$2:$R$336,"Dormant")+COUNTIF(Data!$R$2:$R$336,"At risk") -> 121
B8: Key signals >> churners go 2.6x longer between games, play 26% fewer champions, show flat engagement, yet win at the same rate. Disengagement, not losing.
B26: Priority actions
B27: At risk (69 players, 32% churn) - frequent players who went quiet. Win-back offers and a re-engagement nudge. Highest value to save.
B28: Dormant (52 players, 48% churn) - lapsed and low activity. Re-activation campaign with fresh content and return rewards.
B29: Promising (77 players) - recent but narrow. Champion recommendations to widen the pool before they cool off.

Sheet Data
A1: puuid | B1: tier | C1: tier_band | D1: primary_role | E1: churned | F1: total_games | G1: days_since_last | H1: unique_champions | I1: games_per_active_day | J1: win_rate | K1: avg_kda | L1: games_trend | M1: account_level | N1: R_score | O1: F_score | P1: E_score | Q1: RFM_total | R1: segment
A2: -24JAEu70lmkkX8Qy_Ny4MHg4bpJdwGGH89CXFukOpH_gr4BRZSXrxBuiqoxD3seepgJukTLJKervg | B2: SILVER | C2: low | D2: JUNGLE | E2: 0 | F2: 64 | G2: 10 | H2: 25 | I2: 2.37 | J2: 0.422 | K2: 2.22 | L2: -10 | M2: 745 | N2: =IF(G2<=Cutoffs!$B$4,4,IF(G2<=Cutoffs!$C$4,3,IF(G2<=Cutoffs!$D$4,2,1))) -> 2 | O2: =IF(F2>=Cutoffs!$D$5,4,IF(F2>=Cutoffs!$C$5,3,IF(F2>=Cutoffs!$B$5,2,1))) -> 2 | P2: =IF(H2>=Cutoffs!$D$6,4,IF(H2>=Cutoffs!$C$6,3,IF(H2>=Cutoffs!$B$6,2,1))) -> 3 | Q2: =N2+O2+P2 -> 7 | R2: =IF(AND(N2>=3,O2>=3),"Champions",IF(N2>=3,"Promising",IF(AND(O2>=3,N2<=2),"At risk",IF(N2=2,"Cooling","Dormant")))) -> Cooling
A3: -CeOkEwxJTm2QDCMIwaOQQskaP9wlC1GZURm8mb-OG_sqQE-PLZkGSJSihtKDSnksYVXvp52xv4fEw | B3: PLATINUM | C3: mid | D3: MIDDLE | E3: 1 | F3: 196 | G3: 21 | H3: 32 | I3: 5.6 | J3: 0.525 | K3: 3.38 | L3: 180 | M3: 733 | N3: =IF(G3<=Cutoffs!$B$4,4,IF(G3<=Cutoffs!$C$4,3,IF(G3<=Cutoffs!$D$4,2,1))) -> 2 | O3: =IF(F3>=Cutoffs!$D$5,4,IF(F3>=Cutoffs!$C$5,3,IF(F3>=Cutoffs!$B$5,2,1))) -> 4 | P3: =IF(H3>=Cutoffs!$D$6,4,IF(H3>=Cutoffs!$C$6,3,IF(H3>=Cutoffs!$B$6,2,1))) -> 4 | Q3: =N3+O3+P3 -> 10 | R3: =IF(AND(N3>=3,O3>=3),"Champions",IF(N3>=3,"Promising",IF(AND(O3>=3,N3<=2),"At risk",IF(N3=2,"Cooling","Dormant")))) -> At risk
A4: -VV2Sjh__oX37TGsa61RJ40AdtbSRfmxpHtvXbCO0VWHlVMQcCWEN8o1-0Dy296DancFbUPQln32Tg | B4: GOLD | C4: mid | D4: BOTTOM | E4: 0 | F4: 42 | G4: 17 | H4: 14 | I4: 2.21 | J4: 0.524 | K4: 2.98 | L4: 42 | M4: 553 | N4: =IF(G4<=Cutoffs!$B$4,4,IF(G4<=Cutoffs!$C$4,3,IF(G4<=Cutoffs!$D$4,2,1))) -> 2 | O4: =IF(F4>=Cutoffs!$D$5,4,IF(F4>=Cutoffs!$C$5,3,IF(F4>=Cutoffs!$B$5,2,1))) -> 1 | P4: =IF(H4>=Cutoffs!$D$6,4,IF(H4>=Cutoffs!$C$6,3,IF(H4>=Cutoffs!$B$6,2,1))) -> 2 | Q4: =N4+O4+P4 -> 5 | R4: =IF(AND(N4>=3,O4>=3),"Champions",IF(N4>=3,"Promising",IF(AND(O4>=3,N4<=2),"At risk",IF(N4=2,"Cooling","Dormant")))) -> Cooling
A5: -o4j_dT_dSSga2Fvb4qFaK33eDzidBRJZzHP35QUWcmCx6cemTWqYmD1wkiv6RNtj6A8KUB75y-bTA | B5: GOLD | C5: mid | D5: UTILITY | E5: 0 | F5: 37 | G5: 5 | H5: 13 | I5: 2.31 | J5: 0.568 | K5: 3.27 | L5: 23 | M5: 129 | N5: =IF(G5<=Cutoffs!$B$4,4,IF(G5<=Cutoffs!$C$4,3,IF(G5<=Cutoffs!$D$4,2,1))) -> 3 | O5: =IF(F5>=Cutoffs!$D$5,4,IF(F5>=Cutoffs!$C$5,3,IF(F5>=Cutoffs!$B$5,2,1))) -> 1 | P5: =IF(H5>=Cutoffs!$D$6,4,IF(H5>=Cutoffs!$C$6,3,IF(H5>=Cutoffs!$B$6,2,1))) -> 2 | Q5: =N5+O5+P5 -> 6 | R5: =IF(AND(N5>=3,O5>=3),"Champions",IF(N5>=3,"Promising",IF(AND(O5>=3,N5<=2),"At risk",IF(N5=2,"Cooling","Dormant")))) -> Promising
A6: -qwqSiAIh01OugrmprUbObXnJQwjkGhakHodgxtiMySlEKo-VEDZNFIrGdpgcaeHzu7Qaa8HtMUWxg | B6: BRONZE | C6: low | D6: TOP | E6: 0 | F6: 117 | G6: 0 | H6: 11 | I6: 2.44 | J6: 0.462 | K6: 2.57 | L6: 19 | M6: 139 | N6: =IF(G6<=Cutoffs!$B$4,4,IF(G6<=Cutoffs!$C$4,3,IF(G6<=Cutoffs!$D$4,2,1))) -> 4 | O6: =IF(F6>=Cutoffs!$D$5,4,IF(F6>=Cutoffs!$C$5,3,IF(F6>=Cutoffs!$B$5,2,1))) -> 3 | P6: =IF(H6>=Cutoffs!$D$6,4,IF(H6>=Cutoffs!$C$6,3,IF(H6>=Cutoffs!$B$6,2,1))) -> 2 | Q6: =N6+O6+P6 -> 9 | R6: =IF(AND(N6>=3,O6>=3),"Champions",IF(N6>=3,"Promising",IF(AND(O6>=3,N6<=2),"At risk",IF(N6=2,"Cooling","Dormant")))) -> Champions
A7: 06Su5g4BdYnQP26jFejvLHBDqwzGBVY2ofAFGE9_1cM7nzFKlo_NSr6zlNkaTV4_L0_hD7RdF-vWjA | B7: GOLD | C7: mid | D7: BOTTOM | E7: 0 | F7: 30 | G7: 58 | H7: 3 | I7: 4.29 | J7: 0.5 | K7: 5.25 | L7: 4 | M7: 57 | N7: =IF(G7<=Cutoffs!$B$4,4,IF(G7<=Cutoffs!$C$4,3,IF(G7<=Cutoffs!$D$4,2,1))) -> 1 | O7: =IF(F7>=Cutoffs!$D$5,4,IF(F7>=Cutoffs!$C$5,3,IF(F7>=Cutoffs!$B$5,2,1))) -> 1 | P7: =IF(H7>=Cutoffs!$D$6,4,IF(H7>=Cutoffs!$C$6,3,IF(H7>=Cutoffs!$B$6,2,1))) -> 1 | Q7: =N7+O7+P7 -> 3 | R7: =IF(AND(N7>=3,O7>=3),"Champions",IF(N7>=3,"Promising",IF(AND(O7>=3,N7<=2),"At risk",IF(N7=2,"Cooling","Dormant")))) -> Dormant
A8: 0Rj3nwMeeKMam5RU_PhhVYIjRlk4u-PTvHUuGGzz4Dp6XLkyoo7s24SDA0xUaXmpYYtBRqGwD6PDVw | B8: EMERALD | C8: mid | D8: MIDDLE | E8: 0 | F8: 124 | G8: 9 | H8: 30 | I8: 4.13 | J8: 0.5 | K8: 3.87 | L8: 34 | M8: 95 | N8: =IF(G8<=Cutoffs!$B$4,4,IF(G8<=Cutoffs!$C$4,3,IF(G8<=Cutoffs!$D$4,2,1))) -> 2 | O8: =IF(F8>=Cutoffs!$D$5,4,IF(F8>=Cutoffs!$C$5,3,IF(F8>=Cutoffs!$B$5,2,1))) -> 3 | P8: =IF(H8>=Cutoffs!$D$6,4,IF(H8>=Cutoffs!$C$6,3,IF(H8>=Cutoffs!$B$6,2,1))) -> 4 | Q8: =N8+O8+P8 -> 9 | R8: =IF(AND(N8>=3,O8>=3),"Champions",IF(N8>=3,"Promising",IF(AND(O8>=3,N8<=2),"At risk",IF(N8=2,"Cooling","Dormant")))) -> At risk
A9: 0bA7TcSANF24bnvR7IbaqBu7dFR2vPDS3L69QRL_0_UC7AQD1HKQ7TdSAJ08zsZRzJ6Ah2FDNV8NiA | B9: EMERALD | C9: mid | D9: BOTTOM | E9: 1 | F9: 67 | G9: 3 | H9: 9 | I9: 2.23 | J9: 0.537 | K9: 3.25 | L9: -5 | M9: 321 | N9: =IF(G9<=Cutoffs!$B$4,4,IF(G9<=Cutoffs!$C$4,3,IF(G9<=Cutoffs!$D$4,2,1))) -> 3 | O9: =IF(F9>=Cutoffs!$D$5,4,IF(F9>=Cutoffs!$C$5,3,IF(F9>=Cutoffs!$B$5,2,1))) -> 2 | P9: =IF(H9>=Cutoffs!$D$6,4,IF(H9>=Cutoffs!$C$6,3,IF(H9>=Cutoffs!$B$6,2,1))) -> 1 | Q9: =N9+O9+P9 -> 6 | R9: =IF(AND(N9>=3,O9>=3),"Champions",IF(N9>=3,"Promising",IF(AND(O9>=3,N9<=2),"At risk",IF(N9=2,"Cooling","Dormant")))) -> Promising
A10: 0eDZT41o_rxVZnYiHhvZTGWmGiu2qduHaekB1osQ2Thhh1-8hPhi0BNN2YsbwCCo9awPP9qKy6zHzA | B10: PLATINUM | C10: mid | D10: JUNGLE | E10: 0 | F10: 55 | G10: 4 | H10: 24 | I10: 2.29 | J10: 0.491 | K10: 2.85 | L10: 33 | M10: 428 | N10: =IF(G10<=Cutoffs!$B$4,4,IF(G10<=Cutoffs!$C$4,3,IF(G10<=Cutoffs!$D$4,2,1))) -> 3 | O10: =IF(F10>=Cutoffs!$D$5,4,IF(F10>=Cutoffs!$C$5,3,IF(F10>=Cutoffs!$B$5,2,1))) -> 2 | P10: =IF(H10>=Cutoffs!$D$6,4,IF(H10>=Cutoffs!$C$6,3,IF(H10>=Cutoffs!$B$6,2,1))) -> 3 | Q10: =N10+O10+P10 -> 8 | R10: =IF(AND(N10>=3,O10>=3),"Champions",IF(N10>=3,"Promising",IF(AND(O10>=3,N10<=2),"At risk",IF(N10=2,"Cooling","Dormant")))) -> Promising
A11: 0lGrX4xw4wnldP0jOiozgIolHCA1kng41g39umtw1SfVNJcGBAvS9kZ-k4t75BJ_jLeZmwQRnTIiBg | B11: PLATINUM | C11: mid | D11: MIDDLE | E11: 0 | F11: 48 | G11: 22 | H11: 7 | I11: 2.67 | J11: 0.625 | K11: 3.16 | L11: 22 | M11: 500 | N11: =IF(G11<=Cutoffs!$B$4,4,IF(G11<=Cutoffs!$C$4,3,IF(G11<=Cutoffs!$D$4,2,1))) -> 1 | O11: =IF(F11>=Cutoffs!$D$5,4,IF(F11>=Cutoffs!$C$5,3,IF(F11>=Cutoffs!$B$5,2,1))) -> 1 | P11: =IF(H11>=Cutoffs!$D$6,4,IF(H11>=Cutoffs!$C$6,3,IF(H11>=Cutoffs!$B$6,2,1))) -> 1 | Q11: =N11+O11+P11 -> 3 | R11: =IF(AND(N11>=3,O11>=3),"Champions",IF(N11>=3,"Promising",IF(AND(O11>=3,N11<=2),"At risk",IF(N11=2,"Cooling","Dormant")))) -> Dormant
A12: 16el89hlCq8v2aNY0upc-218b3jErjYKRdCsIm2qdwBeOTftD0d3vti1Ejv337thQbBukkqgQLOZwA | B12: GOLD | C12: mid | D12: MIDDLE | E12: 0 | F12: 109 | G12: 8 | H12: 8 | I12: 3.11 | J12: 0.505 | K12: 4.47 | L12: 73 | M12: 380 | N12: =IF(G12<=Cutoffs!$B$4,4,IF(G12<=Cutoffs!$C$4,3,IF(G12<=Cutoffs!$D$4,2,1))) -> 2 | O12: =IF(F12>=Cutoffs!$D$5,4,IF(F12>=Cutoffs!$C$5,3,IF(F12>=Cutoffs!$B$5,2,1))) -> 3 | P12: =IF(H12>=Cutoffs!$D$6,4,IF(H12>=Cutoffs!$C$6,3,IF(H12>=Cutoffs!$B$6,2,1))) -> 1 | Q12: =N12+O12+P12 -> 6 | R12: =IF(AND(N12>=3,O12>=3),"Champions",IF(N12>=3,"Promising",IF(AND(O12>=3,N12<=2),"At risk",IF(N12=2,"Cooling","Dormant")))) -> At risk
A13: 1rgXhHlwg4eaN6WCV0w9W3WtzUTg0yyKu5iH5IWKbCoqP8hJjFy4NS7SOlqS_xckwv9jyqSawOqo1w | B13: BRONZE | C13: low | D13: TOP | E13: 0 | F13: 153 | G13: 2 | H13: 56 | I13: 2.78 | J13: 0.464 | K13: 3.48 | L13: 3 | M13: 496 | N13: =IF(G13<=Cutoffs!$B$4,4,IF(G13<=Cutoffs!$C$4,3,IF(G13<=Cutoffs!$D$4,2,1))) -> 3 | O13: =IF(F13>=Cutoffs!$D$5,4,IF(F13>=Cutoffs!$C$5,3,IF(F13>=Cutoffs!$B$5,2,1))) -> 3 | P13: =IF(H13>=Cutoffs!$D$6,4,IF(H13>=Cutoffs!$C$6,3,IF(H13>=Cutoffs!$B$6,2,1))) -> 4 | Q13: =N13+O13+P13 -> 10 | R13: =IF(AND(N13>=3,O13>=3),"Champions",IF(N13>=3,"Promising",IF(AND(O13>=3,N13<=2),"At risk",IF(N13=2,"Cooling","Dormant")))) -> Champions
... A336: zz-1WCVCyFwnLrzhIbRkyf0TvVSFScIIZuqZujMJ0x6lGznInpCtUE-snPlH9rYD8tKFb-RHUy13oQ | B336: EMERALD | C336: mid | D336: BOTTOM | E336: 0 | F336: 50 | G336: 3 | H336: 26 | I336: 3.12 | J336: 0.44 | K336: 2.8 | L336: -32 | M336: 574 | N336: =IF(G336<=Cutoffs!$B$4,4,IF(G336<=Cutoffs!$C$4,3,IF(G336<=Cutoffs!$D$4,2,1))) -> 3 | O336: =IF(F336>=Cutoffs!$D$5,4,IF(F336>=Cutoffs!$C$5,3,IF(F336>=Cutoffs!$B$5,2,1))) -> 1 | P336: =IF(H336>=Cutoffs!$D$6,4,IF(H336>=Cutoffs!$C$6,3,IF(H336>=Cutoffs!$B$6,2,1))) -> 3 | Q336: =N336+O336+P336 -> 7 | R336: =IF(AND(N336>=3,O336>=3),"Champions",IF(N336>=3,"Promising",IF(AND(O336>=3,N336<=2),"At risk",IF(N336=2,"Cooling","Dormant")))) -> Promising

Sheet Cutoffs
A1: RFM quartile cutoffs (computed from the data)
A3: Axis | B3: Q1 (25%) | C3: Q2 (median) | D3: Q3 (75%)
A4: Recency (days_since_last) | B4: =QUARTILE(Data!$G$2:$G$336,1) -> 1 | C4: =QUARTILE(Data!$G$2:$G$336,2) -> 6 | D4: =QUARTILE(Data!$G$2:$G$336,3) -> 21.5
A5: Frequency (total_games) | B5: =QUARTILE(Data!$F$2:$F$336,1) -> 52 | C5: =QUARTILE(Data!$F$2:$F$336,2) -> 96 | D5: =QUARTILE(Data!$F$2:$F$336,3) -> 157.5
A6: Engagement (unique_champions) | B6: =QUARTILE(Data!$H$2:$H$336,1) -> 11 | C6: =QUARTILE(Data!$H$2:$H$336,2) -> 20 | D6: =QUARTILE(Data!$H$2:$H$336,3) -> 30
A8: Recency is reversed: fewer days since last game scores higher.

Sheet Segments
A1: Churn by RFM score and by named segment
A3: By combined RFM score (3 to 12)
A5: RFM score | B5: players | C5: churn rate
A6: 3 | B6: =COUNTIF(Data!$Q$2:$Q$336,A6) -> 14 | C6: =IFERROR(AVERAGEIF(Data!$Q$2:$Q$336,A6,Data!$E$2:$E$336),"") -> 0.42857143
A7: 4 | B7: =COUNTIF(Data!$Q$2:$Q$336,A7) -> 22 | C7: =IFERROR(AVERAGEIF(Data!$Q$2:$Q$336,A7,Data!$E$2:$E$336),"") -> 0.36363636
A8: 5 | B8: =COUNTIF(Data!$Q$2:$Q$336,A8) -> 36 | C8: =IFERROR(AVERAGEIF(Data!$Q$2:$Q$336,A8,Data!$E$2:$E$336),"") -> 0.38888889
A9: 6 | B9: =COUNTIF(Data!$Q$2:$Q$336,A9) -> 50 | C9: =IFERROR(AVERAGEIF(Data!$Q$2:$Q$336,A9,Data!$E$2:$E$336),"") -> 0.32
A10: 7 | B10: =COUNTIF(Data!$Q$2:$Q$336,A10) -> 31 | C10: =IFERROR(AVERAGEIF(Data!$Q$2:$Q$336,A10,Data!$E$2:$E$336),"") -> 0.25806452
A11: 8 | B11: =COUNTIF(Data!$Q$2:$Q$336,A11) -> 60 | C11: =IFERROR(AVERAGEIF(Data!$Q$2:$Q$336,A11,Data!$E$2:$E$336),"") -> 0.1
A12: 9 | B12: =COUNTIF(Data!$Q$2:$Q$336,A12) -> 46 | C12: =IFERROR(AVERAGEIF(Data!$Q$2:$Q$336,A12,Data!$E$2:$E$336),"") -> 0.10869565
A13: 10 | B13: =COUNTIF(Data!$Q$2:$Q$336,A13) -> 38 | C13: =IFERROR(AVERAGEIF(Data!$Q$2:$Q$336,A13,Data!$E$2:$E$336),"") -> 0.026315789
A14: 11 | B14: =COUNTIF(Data!$Q$2:$Q$336,A14) -> 24 | C14: =IFERROR(AVERAGEIF(Data!$Q$2:$Q$336,A14,Data!$E$2:$E$336),"") -> 0.125
A15: 12 | B15: =COUNTIF(Data!$Q$2:$Q$336,A15) -> 14 | C15: =IFERROR(AVERAGEIF(Data!$Q$2:$Q$336,A15,Data!$E$2:$E$336),"") -> 0
A18: By named segment
A19: segment | B19: players | C19: churn rate
A20: Champions | B20: =COUNTIF(Data!$R$2:$R$336,A20) -> 101 | C20: =IFERROR(AVERAGEIF(Data!$R$2:$R$336,A20,Data!$E$2:$E$336),"") -> 0.03960396
A21: Promising | B21: =COUNTIF(Data!$R$2:$R$336,A21) -> 77 | C21: =IFERROR(AVERAGEIF(Data!$R$2:$R$336,A21,Data!$E$2:$E$336),"") -> 0.077922078
A22: Cooling | B22: =COUNTIF(Data!$R$2:$R$336,A22) -> 36 | C22: =IFERROR(AVERAGEIF(Data!$R$2:$R$336,A22,Data!$E$2:$E$336),"") -> 0.27777778
A23: At risk | B23: =COUNTIF(Data!$R$2:$R$336,A23) -> 69 | C23: =IFERROR(AVERAGEIF(Data!$R$2:$R$336,A23,Data!$E$2:$E$336),"") -> 0.31884058
A24: Dormant | B24: =COUNTIF(Data!$R$2:$R$336,A24) -> 52 | C24: =IFERROR(AVERAGEIF(Data!$R$2:$R$336,A24,Data!$E$2:$E$336),"") -> 0.48076923

Sheet RF_Heatmap
A1: Churn rate by Recency x Frequency score
A2: Rows = Recency, Columns = Frequency. 4 = most engaged.
A4: R \ F | B4: 1 | C4: 2 | D4: 3 | E4: 4
A5: 1 | B5: =IFERROR(AVERAGEIFS(Data!$E$2:$E$336,Data!$N$2:$N$336,$A5,Data!$O$2:$O$336,B$4),"") -> 0.43478261 | C5: =IFERROR(AVERAGEIFS(Data!$E$2:$E$336,Data!$N$2:$N$336,$A5,Data!$O$2:$O$336,C$4),"") -> 0.51724138 | D5: =IFERROR(AVERAGEIFS(Data!$E$2:$E$336,Data!$N$2:$N$336,$A5,Data!$O$2:$O$336,D$4),"") -> 0.29411765 | E5: =IFERROR(AVERAGEIFS(Data!$E$2:$E$336,Data!$N$2:$N$336,$A5,Data!$O$2:$O$336,E$4),"") -> 0.53333333
A6: 2 | B6: =IFERROR(AVERAGEIFS(Data!$E$2:$E$336,Data!$N$2:$N$336,$A6,Data!$O$2:$O$336,B$4),"") -> 0.27777778 | C6: =IFERROR(AVERAGEIFS(Data!$E$2:$E$336,Data!$N$2:$N$336,$A6,Data!$O$2:$O$336,C$4),"") -> 0.27777778 | D6: =IFERROR(AVERAGEIFS(Data!$E$2:$E$336,Data!$N$2:$N$336,$A6,Data!$O$2:$O$336,D$4),"") -> 0.23809524 | E6: =IFERROR(AVERAGEIFS(Data!$E$2:$E$336,Data!$N$2:$N$336,$A6,Data!$O$2:$O$336,E$4),"") -> 0.25
A7: 3 | B7: =IFERROR(AVERAGEIFS(Data!$E$2:$E$336,Data!$N$2:$N$336,$A7,Data!$O$2:$O$336,B$4),"") -> 0.125 | C7: =IFERROR(AVERAGEIFS(Data!$E$2:$E$336,Data!$N$2:$N$336,$A7,Data!$O$2:$O$336,C$4),"") -> 0.14285714 | D7: =IFERROR(AVERAGEIFS(Data!$E$2:$E$336,Data!$N$2:$N$336,$A7,Data!$O$2:$O$336,D$4),"") -> 0.034482759 | E7: =IFERROR(AVERAGEIFS(Data!$E$2:$E$336,Data!$N$2:$N$336,$A7,Data!$O$2:$O$336,E$4),"") -> 0.12
A8: 4 | B8: =IFERROR(AVERAGEIFS(Data!$E$2:$E$336,Data!$N$2:$N$336,$A8,Data!$O$2:$O$336,B$4),"") -> 0.055555556 | C8: =IFERROR(AVERAGEIFS(Data!$E$2:$E$336,Data!$N$2:$N$336,$A8,Data!$O$2:$O$336,C$4),"") -> 0 | D8: =IFERROR(AVERAGEIFS(Data!$E$2:$E$336,Data!$N$2:$N$336,$A8,Data!$O$2:$O$336,D$4),"") -> 0 | E8: =IFERROR(AVERAGEIFS(Data!$E$2:$E$336,Data!$N$2:$N$336,$A8,Data!$O$2:$O$336,E$4),"") -> 0
A11: Players per cell
A12: R \ F | B12: 1 | C12: 2 | D12: 3 | E12: 4
A13: 1 | B13: =COUNTIFS(Data!$N$2:$N$336,$A13,Data!$O$2:$O$336,B$12) -> 23 | C13: =COUNTIFS(Data!$N$2:$N$336,$A13,Data!$O$2:$O$336,C$12) -> 29 | D13: =COUNTIFS(Data!$N$2:$N$336,$A13,Data!$O$2:$O$336,D$12) -> 17 | E13: =COUNTIFS(Data!$N$2:$N$336,$A13,Data!$O$2:$O$336,E$12) -> 15
A14: 2 | B14: =COUNTIFS(Data!$N$2:$N$336,$A14,Data!$O$2:$O$336,B$12) -> 18 | C14: =COUNTIFS(Data!$N$2:$N$336,$A14,Data!$O$2:$O$336,C$12) -> 18 | D14: =COUNTIFS(Data!$N$2:$N$336,$A14,Data!$O$2:$O$336,D$12) -> 21 | E14: =COUNTIFS(Data!$N$2:$N$336,$A14,Data!$O$2:$O$336,E$12) -> 16
A15: 3 | B15: =COUNTIFS(Data!$N$2:$N$336,$A15,Data!$O$2:$O$336,B$12) -> 24 | C15: =COUNTIFS(Data!$N$2:$N$336,$A15,Data!$O$2:$O$336,C$12) -> 14 | D15: =COUNTIFS(Data!$N$2:$N$336,$A15,Data!$O$2:$O$336,D$12) -> 29 | E15: =COUNTIFS(Data!$N$2:$N$336,$A15,Data!$O$2:$O$336,E$12) -> 25
A16: 4 | B16: =COUNTIFS(Data!$N$2:$N$336,$A16,Data!$O$2:$O$336,B$12) -> 18 | C16: =COUNTIFS(Data!$N$2:$N$336,$A16,Data!$O$2:$O$336,C$12) -> 21 | D16: =COUNTIFS(Data!$N$2:$N$336,$A16,Data!$O$2:$O$336,D$12) -> 19 | E16: =COUNTIFS(Data!$N$2:$N$336,$A16,Data!$O$2:$O$336,E$12) -> 28

Sheet Drivers
A1: Behavior: churned vs retained
A2: Average of each metric by outcome, with the gap.
A4: metric | B4: retained | C4: churned | D4: difference %
A5: total games | B5: =AVERAGEIFS(Data!$F$2:$F$336,Data!$E$2:$E$336,0) -> 108.30597 | C5: =AVERAGEIFS(Data!$F$2:$F$336,Data!$E$2:$E$336,1) -> 95.328358 | D5: =IFERROR((C5-B5)/B5,"") -> -0.11982361
A6: days since last | B6: =AVERAGEIFS(Data!$G$2:$G$336,Data!$E$2:$E$336,0) -> 10.473881 | C6: =AVERAGEIFS(Data!$G$2:$G$336,Data!$E$2:$E$336,1) -> 27.074627 | D6: =IFERROR((C6-B6)/B6,"") -> 1.5849662
A7: unique champions | B7: =AVERAGEIFS(Data!$H$2:$H$336,Data!$E$2:$E$336,0) -> 23.007463 | C7: =AVERAGEIFS(Data!$H$2:$H$336,Data!$E$2:$E$336,1) -> 17.104478 | D7: =IFERROR((C7-B7)/B7,"") -> -0.25656828
A8: games per active day | B8: =AVERAGEIFS(Data!$I$2:$I$336,Data!$E$2:$E$336,0) -> 3.5828358 | C8: =AVERAGEIFS(Data!$I$2:$I$336,Data!$E$2:$E$336,1) -> 4.2838806 | D8: =IFERROR((C8-B8)/B8,"") -> 0.19566757
A9: win rate | B9: =AVERAGEIFS(Data!$J$2:$J$336,Data!$E$2:$E$336,0) -> 0.49954104 | C9: =AVERAGEIFS(Data!$J$2:$J$336,Data!$E$2:$E$336,1) -> 0.5071791 | D9: =IFERROR((C9-B9)/B9,"") -> 0.015290154
A10: avg KDA | B10: =AVERAGEIFS(Data!$K$2:$K$336,Data!$E$2:$E$336,0) -> 3.2189552 | C10: =AVERAGEIFS(Data!$K$2:$K$336,Data!$E$2:$E$336,1) -> 3.6546269 | D10: =IFERROR((C10-B10)/B10,"") -> 0.13534567
A11: games trend | B11: =AVERAGEIFS(Data!$L$2:$L$336,Data!$E$2:$E$336,0) -> 27.977612 | C11: =AVERAGEIFS(Data!$L$2:$L$336,Data!$E$2:$E$336,1) -> 3.8955224 | D11: =IFERROR((C11-B11)/B11,"") -> -0.86076287
A12: account level | B12: =AVERAGEIFS(Data!$M$2:$M$336,Data!$E$2:$E$336,0) -> 440.08209 | C12: =AVERAGEIFS(Data!$M$2:$M$336,Data!$E$2:$E$336,1) -> 380.53731 | D12: =IFERROR((C12-B12)/B12,"") -> -0.13530379

Sheet Cuts
A1: Churn by role and by tier
A3: By primary role
A4: role | B4: players | C4: churn rate
A5: JUNGLE | B5: =COUNTIF(Data!$D$2:$D$336,A5) -> 48 | C5: =IFERROR(AVERAGEIF(Data!$D$2:$D$336,A5,Data!$E$2:$E$336),"") -> 0.25
A6: UTILITY | B6: =COUNTIF(Data!$D$2:$D$336,A6) -> 74 | C6: =IFERROR(AVERAGEIF(Data!$D$2:$D$336,A6,Data!$E$2:$E$336),"") -> 0.22972973
A7: TOP | B7: =COUNTIF(Data!$D$2:$D$336,A7) -> 75 | C7: =IFERROR(AVERAGEIF(Data!$D$2:$D$336,A7,Data!$E$2:$E$336),"") -> 0.2
A8: BOTTOM | B8: =COUNTIF(Data!$D$2:$D$336,A8) -> 67 | C8: =IFERROR(AVERAGEIF(Data!$D$2:$D$336,A8,Data!$E$2:$E$336),"") -> 0.17910448
A9: MIDDLE | B9: =COUNTIF(Data!$D$2:$D$336,A9) -> 71 | C9: =IFERROR(AVERAGEIF(Data!$D$2:$D$336,A9,Data!$E$2:$E$336),"") -> 0.15492958
A12: By tier
A13: tier | B13: players | C13: churn rate
A14: IRON | B14: =COUNTIF(Data!$B$2:$B$336,A14) -> 30 | C14: =IFERROR(AVERAGEIF(Data!$B$2:$B$336,A14,Data!$E$2:$E$336),"") -> 0.23333333
A15: BRONZE | B15: =COUNTIF(Data!$B$2:$B$336,A15) -> 37 | C15: =IFERROR(AVERAGEIF(Data!$B$2:$B$336,A15,Data!$E$2:$E$336),"") -> 0.18918919
A16: SILVER | B16: =COUNTIF(Data!$B$2:$B$336,A16) -> 54 | C16: =IFERROR(AVERAGEIF(Data!$B$2:$B$336,A16,Data!$E$2:$E$336),"") -> 0.24074074
A17: GOLD | B17: =COUNTIF(Data!$B$2:$B$336,A17) -> 58 | C17: =IFERROR(AVERAGEIF(Data!$B$2:$B$336,A17,Data!$E$2:$E$336),"") -> 0.13793103
A18: PLATINUM | B18: =COUNTIF(Data!$B$2:$B$336,A18) -> 69 | C18: =IFERROR(AVERAGEIF(Data!$B$2:$B$336,A18,Data!$E$2:$E$336),"") -> 0.10144928
A19: EMERALD | B19: =COUNTIF(Data!$B$2:$B$336,A19) -> 87 | C19: =IFERROR(AVERAGEIF(Data!$B$2:$B$336,A19,Data!$E$2:$E$336),"") -> 0.28735632

Sheet About
A1: RFM churn workbook
A3: Population: 335 ranked players in the low and mid tiers, where churn concentrates.
A4: Churn = engaged in the feature period, then zero ranked games in the outcome period.
A6: RFM scoring, each axis scored 1 to 4 by data quartile:
A7: Recency = days since last game, reversed (recent play scores higher).
A8: Frequency = total games in the window.
A9: Engagement = unique champions played (breadth).
A11: Named segments combine Recency and Frequency into action groups:
A12: Champions - recent and frequent, safest.
A13: Promising - recent, lower frequency.
A14: Cooling - moderate recency, slipping.
A15: At risk - frequent but gone quiet, the priority to re engage.
... A19: All scores and rates are live formulas, so the model updates if the data changes.
